"txt","prob"
Trump with Lavrov Kislyak RussiaGate Russia Election2016 TrumpRussia NoFuzzOnThat ComeyDay
,0.026673
Congrats for progress in their stalwart efforts to troll the American ppl turn election2016 into one long t
,0.644241
trump flavored vape election2016
,0.137847
For the record Theresa May s petrified GE2017 performance made Hillary Clinton in Election2016 look like a virtuoso political campaigner
,0.945388
i want it i need it need it to make me feel heated heated vote election2016
,0.312641
Ofcourse DarkMoney Republicans ended up supporting Trump this last Election2016 because they had subconsciously e
,0.468919
life sucks and then you die so vote election2016
,0.472804
Not only did Bernie get played by Hillary and the DNC he got played by Comey and Lynch Election2016
,0.871688
one must imagine a US citizen happy go vote election2016
,0.663734
The Right Side of History via r SandersForPresident feelthebern election2016
,0.480523
NSA shld release convo bet if all abt grandkids 4 that influenced DEM primary
,0.752148
Think about it repulicans democrats comeyday notmypresident election2016
,0.429688
i will die still i shall vote election2016
,0.540438
Liberal s Hateful Hearts Trumps everything after Election2016
,0.536163
The leftists fascists can t swallow the real 2 issues did Comey broke the law he colluded w
,0.370493
I voted for Donald Trump and Mike Pence Will you join me Find your polling place
,0.38261
Ugh I am SO tired of the bros insisting Bernie would have won No He would not have fucksanders election2016
,0.342797
too many choices on my motherfucking ballot choose wisely election2016
,0.605452
question to be asked What it means for Comey and to the collusion to influence Election2016 by LorettaLynch
,0.277506
Just Go election2016 MakeVotesMatter brexit
,0.436035
ComeyHearing delivered the obvious no RussiaCollusion but collusion by Obama admin
,0.825704
each time you vote you support the process but do it anyway election2016
,0.497587
According to Former FBI Boss JamesComey the Russians interfered with Election2016 Trump is a LIAR Though
,0.241142
FridayFeeling Election2016 post Election THROWBACK THE DIRGES SATIRE HOGAN
,0.665721
daylight sucks but get out and vote anyway election2016
,0.624497
who cares abt ImWithHer DEMs cheated 4 her wish her 2 go away she s core problem in DEM narrative l
,0.719828
Video David Shomento election2016
,0.483987
go vote election2016
,0.615368
Obama knows it when he sees it via r SandersForPresident feelthebern election2016
,0.460328
everyone dies frustrated and sad but if you vote maybe not election2016
,0.574015
how would America and the world be different today if the DNC had simply not stacked the deck for HRC Election2016
,0.727686
who is the most hip candidate election2016
,0.526401
Video Hung Parliament as Theresa May Fails to Get Majority election2016
,0.597684
vote i must election2016
,0.640776
i want to vote election2016
,0.655355
ComeyDay result rather like election2016 most certainly lost But is still president
,0.767538
Will Kensington swing red for the first time ever Election2016
,0.567177
i will vote and i shall election2016
,0.580867
Don t be clueless vote for nucleus We need someone who can think Nucleus OrganelleWars Election2016
,0.469485
Tory and DUP coalition Dear god GE2017 Election2016 GeneralElection hungparliament CoalitionOfChaos
,0.167817
i am a vote election2016
,0.523804
im votes election2016
,0.621818
Brit in GE2017 BlameLabour Oz in Election2016 BlameLabor NeoCons just don t see the irony eh auspol
,0.523809
HillaryClinton didn t lose Election2016 coz of Russia it was for backing WallStreet Pains CharlieRose admit this JamieDimon a chum
,0.550504
The whole Russian Narrative is a fiction HillaryClinton disgraced former secretary o
,0.36214
shit election2016
,0.599595
Election2016 RealNews isn t your stupid Russia Interfered CBSThisMorning It is that BernieSanders REALLY won BEATING CitizensUnited
,0.681149
clinton election2016
,0.954258
If Election2016 was today it wouldnt be close enough for colluding Trump Russia UK Bigoil to cheat Trump 34 FoxNews CNN MSNBC
,0.436284
trump election2016
,0.21891
Wrong You are absolving Dems of responsibility they had to convince their voters as well as other voters to vote f
,0.53442
clinton do dab election2016
,0.909954
Dems should tie the entire GOP to Trump not try to poach moderate GOP voters as HRC did in Election2016
,0.541895
Americans were cheated on USA Election2016 and Republicans are defending If this was America not sleep
,0.683258
PaulRyan is an idiot with that silly talk about inexperienced Clearly shows Russians hacked in the USA Election2016
,0.326376
trump do dab election2016
,0.283072
time for Dems to surrender Election2016 time for MSM to stop bullying time for justice SethRich
,0.704192
Did LorettaLynch interfere in Election2016 Emailgate Hillary JamesComey
,0.911652
clinton dont dab election2016
,0.924806
VoteTrump PastPresentFuture Site Media or WikiLeaks will be the winner in election2016
,0.766198
trump dont dab election2016
,0.210119
Motherfucker win Election2016 just Run govt be presidential Instead this tough guy teflon Dictator abused threats upstruction ComeyDay
,0.582678
Can t tell if Election2016 or ComeyDay
,0.710661
This election is a bridge to the past campaign2016 election2016
,0.588109
Give attention to actionable laws that make America racial profiling proof End racial profiling in Election2016 BlackLivesMatterVictims
,0.455898
It s like Election2016
,0.634329
clinton flavored vape election2016
,0.944064
While bordered the extreme ideologically their personality won votes GE2017
,0.692265
are two different men but they proved that electability is an overrated quality GE2017 Election2016
,0.446094
It seems that realPutinChump was right about LittleMarco all along RussiaGate Election2016 USA
,0.31878
won t apologize for not foreseeing RU helping him win election2016
,0.761077
The article in is the most plausible writing there since Election2016 One Correction The Damage Done was by EliteEstab
,0.533172
Imagine living through election2016 twice in a year LORDY GE2017
,0.518043
I THOUGHT AlGore was a big sore loser The BIGGEST of ALL is hillaryclinton 6 mos into 2017 SHE still CANT get passed Election2016
,0.639419
So how do we get to do our own election2016 redo GE2017
,0.50109
NSAGov Leaker RealityWinner Pleads Not Guilty Denied Bail FBI JusticeDepartment
,0.95022
Oh Ted s still pissed over Election2016 For some reason so s Trump
,0.571154
It s our party and we ll cry if we want to Election2016
,0.636742
Sorry there s no evidence of this I thought everyone was past this though HillaryClinton BernieSanders
,0.329558
Democrats and Russia is like Republicans and the Emails There was Collusion in the DemocraticPrimary
,0.693991
Boy does that sound familiar Election2016
,0.402446
Prof explains how ONE hacked Diebold machine can steal an entire Election2016
,0.644805
How was used in the run up to election2016 survey explores socialmedia
,0.921679
How far will whitemalesupremacyMEDIA go to AVOID talking TO AFRICAN AMERICANS re Election2016
,0.815471
We can always rely on to serve up a healing pile of falseequivalence Election2016 flashbacks complicit craven hardball
,0.447552
There is more than one important election happening this November election2016 Please RT
,0.506012
There is more than one important election2016 happening this November
,0.57748
There is more than one important election happening this November election2016
,0.493743
ILGOP kochbros BILLIONAIRE GovRauner hired and appointed a deputy gov from GA to allow Russia
,0.289089
MyOneFearOfAging is that I won t live long enough to get the full and complete story on Election2016 once it s all made declassified
,0.80658
Video Should GOP candidates be disqualified from special election election2016
,0.74522
election Empowering encyclopedia site Media or WikiLeaks will be a winner in election2016
,0.707301
Politico symposium on the Comey hearing analysis by politics
,0.462185
PoliticalCompass I m represented by the red dot the other graphs show Election2016 UKElection2017 from
,0.634038
Video Reading City Council election mishap election2016
,0.875045
srsly
,0.441422
We learn LorettaLynch attempted to influence election2016 Comey confesses leaking Comey is conflicted between politics and profession
,0.562336
Uh yeah we cd say he s NEW 2 telling truth Look at his business record everything that s transpired since
,0.421352
PoetJPHogan satire Election2016 throwback 4 COFFEE THE DIRGES NYC
,0.746285
That Comey tipped the scale election2016 Comey sld have said NO 2 POTUS45 like Seinfeld said 2 Kesha
,0.371367
Had Comey bn honest during Election2016 discussed TrumpTeam s Russian connections as well as HRC s emails it would have bn fair fact
,0.719252
Russian interference in Election2016 was incidental People are missing the point It s not what they did it s WHY they did it Think
,0.462203
Sounds like Comey being a Republicon really didn t want Hillary to win the Election2016 Regardless of everything else
,0.891709
Election2016 DemExit BernieOrBust No surprise here gt The Democratic Party Is in Worse Shape Than You Thought
,0.484806
The US election2016 gave us Covfefe then French presidentielles2017 was a wonder now GE2017 the world id waiting we don t expect less
,0.423213
This has always been only about erase the black man and his legacy that s what Election2016 was It s gross
,0.342622
Are you sure you re not getting that confused with Election2016
,0.496242
Democrats were waiting for this moment in the end they were disappointed Where have we seen this before Election2016 CNN FakeNews
,0.914413
Now you have to cast the entire Election2016 miniseries only using Friends actors
,0.642012
I guess ComeyDay didn t end up drying up those liberal tears from the election2016 Visit my page
,0.800539
Ha So true election2016 vote datenight parenting parenthood rockandroll
,0.977095
Video GINA WITH DOBSON election2016
,0.857099
Video JOE SHELBY ELECTION DESK election2016
,0.721444
I m going to give you the worst choices imaginable US Election2016 Hold my beer UK GE2017
,0.521549
New Podcast Trump and Emotional Intelligence The dark side of EI election2016 empathy
,0.154202
Comey in his own words though says he doesn t believe Russian hacking changed even a single vote
,0.436096
So we just ignore the fact that then AG Loretta Lynch told Comey to downplay FBI investigation on Clinton during election2016 ComeyDay
,0.985394
Dinner w Putin Defeat of Clinton Resistance under Trump JillStein responds to it all Election2016
,0.472375
ComeyHearings exposed that worked hand in hand w and during Election2016 TCOT
,0.503818
Already tired of MarcKasowitz TrumpRussiaInvestigation NotMyPredisent JamesComeyTestimony comeyvstrump Putin Election2016
,0.225967
Or you could care that Russia influenced Election2016 ask pertinent questions to move inv
,0.686948
Told you Russia Trump Comey Election2016 FakeNews
,0.157931
We re Not in a Civil War but We Are Drifting Toward Divorce politics
,0.700719
Comey in his own words says he s confident that no votes were changed in the Presidential Election2016 by Russian interference
,0.512385
2 2 a part of election16 then by default should also be included in ongoing scope of
,0.499997
Exercising my democratic right fishandchips election2016 Watchet
,0.53228
Science stands against your racism sexism islamophobia homophobia trump election2016 feminist
,0.565821
Trying to turn this on Comey ComeyDay DonaldTrump FBI Russia Election2016
,0.243366
So even after 17 intelligence agencies tell Trump Russia interferred with Election2016 DonaldTrump was not in the least concerned Comey
,0.21506
Further proof the only interference in Election2016 was by Democrats as if there was any doubt
,0.535133
Victory is Dead Election2016
,0.792979
Nobody has produced ONE SHRED OF EVIDENCE that the russians hacked the DAMN ELECTION2016 How do we know Which computers SethRich
,0.270406
If you won t admit POTUS is truth challenged after what we ALL saw heard in Election2016 you are not to be trusted
,0.411136
ComeyTestimony provides insight into his internal machinations concerning matters affecting the Election2016
,0.349189
Trump Proud Flashback Thursday MAGA TrumpTrain Election2016
,0.928604
ComeyTestimony made it clear of russian involvement in our election2016 Time for a newelection Use the EmolumentsClause
,0.447279
As ComeyTestimony unfolds check out what has to say RussiaGate Election2016 electionfraud
,0.339212
Trump Campaign did not work with Russians to win election2016 He worked with the American people over 63 million who voted for him He won
,0.563721
This image still haunts me from Election2016 it s Dumbfuckistan s dream USA via Trump Pence shudders
,0.382486
John McCain didn t GetTheMemo that today s hearing was about TrumpRussiaCollusion Election2016 NOT ABOUT HILLARY CLINTON ComeyTestimony
,0.991342
ComeyTestimony Losergate a witch hunt run by losers who can t stand the fact won Election2016
,0.944169
ScholarsOnTAP Meet Matt Gentzkow On the role of fakenews in Election2016
,0.751321
WTF Why McCain trying to use comeyHearings about HillaryClinton s email link it with Russian interference in Election2016 BS
,0.417868
FBI investigating Russia for election2016 interference trump may or may not be involved
,0.546987
Trust me I am not defending Comey but he would have to be a complete fool NOT to believe POTUS is truth challenged after Election2016
,0.456592
SenJohnMcCain concluding an investigation re Hillary s emails has zero to do w investigating Russian interference in Election2016
,0.873729
Have utmost respect for him but really miss more centrist from 15 yrs ago butheremails ComeyTestimony Election2016
,0.194858
For Putin who won the election2016 didn t really matter delegitimizing liberal democracy was enough RussiaGate
,0.694183
Obligatory bike Polling Station pic bromptonlife bromptonbicycle voting election2016
,0.509402
Republicans better not cut off again ComeyDay Election2016 SenateIntelHearing TrumpRussia
,0.401092
Comey on why Russia interfered in Election2016 ComeyTestimony ComeyHearing
,0.217824
Election2016 should be nullified or HillaryClinton declared winner w 3mil more votes Entire
,0.730687
Comey No doubt Russia meddled in election ComeyTestimony ComeyHearing RussiaGate Election2016
,0.261106
Election2016 Election2020 SpecialElections2017 But and aren t concerned about it inste
,0.70159
I don t think Putin is a Republican or a Democrat He s an opportunist ComeyDay Election2016
,0.123498
More details about former AG LorettaLynch and campaign scheming in election2016 ComeyDay
,0.677215
I don t think Putin is a Republican or a Democrat he s an opportunist ComeyDay Election2016 Putin TrumpRussia
,0.057293
At NorthsideFestival says talking about gender and sexism in Election2016 is not an excuse it s part
,0.439998
What about Comey s interference in Election2016 in the Trump admin which was far worse crippling 2 America
,0.327046
Liar The Russians interfered in Election2016
,0.300249
That happened Russia interference election2016 ComeyTestimony
,0.333036
Comey counters Trump re Russia They did interfere with Election2016 However Trump is team Putin despite evidence ComeyHearing
,0.0738431
confers interferred in Election2016 Russian is a TRAITOR
,0.247598
best buddy Putin Election2016
,0.289315
Who invited Russia to meddle in our Election2016 Lying45 PutinPuppet Someone who is taking billions of from
,0.471703
Comey Russia interfered with Election2016 ComeyHearing
,0.3427
There s no fuzz on that JamesComey on RussiaGate Election2016 Trump
,0.276798
What s more serious attempted hacking Election2016 to help successfully
,0.647328
I m so sad this didn t work out Well he got my vote Election2016
,0.649309
What we ve learned so far on ComeyDay 1 The Far Left the Deep State DNC are still EXTREMELY butt hurt over results of Election2016
,0.551228
Ditto ditto Election2016 could have had such a different outcome
,0.699177
I ve little sympathy for James Comey because the way he handled email investigation during election2016
,0.77362
Did helped beat several superior candidates in GOPprimary
,0.751183
If that were case Obama coulda fired Comey for his interference in Election2016 sp
,0.444518
Did help beat in
,0.721451
Will this be the ComeyDay UnaskedQuestion if Russia hacked Election2016 were they ALSO hacking GOPprimary
,0.773027
I think after Election2016 and Hillary s butthurt loss ComeyHearing is my 2nd favorite day suckit
,0.952755
JamesComey says BillClinton tarmac meeting w frmr AG Loretta Lynch compelled him to go public w Clinton investigation before Election2016
,0.984784
It s baffling that an Independent org continues to be denied the very tools they would need for proof of
,0.458317
SELLING PROPWASH FLIGHTLINE Comey admits FBI never had access to DNC computers during Russia Hack Election2016
,0.662748
Listening on app Thanks for your work guys ComeyHearing
,0.673765
JamesComey testifies Russia had massive effort to target Election2016 and went after hundreds of political electoral entities ncpol
,0.87218
At the end of the day Russia or not election2016 has shown the world that in America women are not respe
,0.425636
No doubt of Russia collusion yet admittance of NO EVIDENCE of manipulation of votes in Election2016 Comey
,0.397602
Apr 3 2017 MediaEcon DC SocialEngineering How Russian Twitter Bots Pumped Out FakeNews During Election2016
,0.801175
Comey no doubt that Russia interfered w Election2016 Russian govt knew Confident that no votes were altered ComeyHearings
,0.619957
Comey has no DOUBTS Russia interfered in Election2016 Comey also has NO EVIDENCE Russia interfered ComeyDay JamesComey MAGA TRUMP
,0.856099
I m confident no Election2016 votes were altered Comey tells Senate Intel Committee
,0.583336
JamesComey tells no doubt Russia interfered in last year s Election2016 during start of Senate panel hearing Congress
,0.264509
fmr director James Comey says he has no doubts none Russia attempted to i
,0.334094
We re lucky enough to live in a country with equality freedomofspeech have your say vote 30plusblogs
,0.586141
None says Comey when asked if he has any doubt Russia tried to interfere in Election2016
,0.37182
They re saying is there to rattle Donald from his own playbook Election2016 ComeyDay
,0.135393
WHAT S COMEY GOING TO SAY today ComeyDay American politics fbi jamescomey Russia Putin Trump collusion Testimony election2016
,0.522787
17 intelligence agencies CONFIRMED RUSSIAN INTERFERENCE IN ELECTION2016 but still uses the phrase possible interference
,0.531436
Amid Tensions With President Trump AttorneyGeneral DonaldTrump Election2016
,0.176
JamesComey has been jerking the whole country around for a year interfering in election2016 has no credibility left In over his head
,0.408881
So easy to vote even I can do it vote election2016
,0.633162
Don t know about you but I m with Comey in spirit today JamesComey FBIDirector HouseOfCards NathanGreen Election2016
,0.369038
Have OldTweets of praising JamesComey during Election2016 Roll them out The TRAITORS are SMEAR CAMPAIGNING ComeyDay
,0.534864
ComeyDay Watergate WannaBees WitchHunt Worst
,0.561078
Today the UK votes in GE2017 for it s future and the US learns a bit more about who Putin voted for in Election2016 VoteLabour ComeyDay
,0.243077
What if the Russian s portal into Hacking Election2016 was actually Hillary s Blackberry and not the Awan Bro
,0.876534
Election2016 ElectionFraud 1 Author encyclopedia site Whithouse is up for grabs Trump
,0.741218
Alleged NSA Leaker to Plead Not Guilty DonaldTrump Election2016 NSALeaker
,0.254866
House to vote on killing Dodd Frank today via r SandersForPresident
,0.879105
Dismantle white supremacy dismantle the patriarchy nototrump election2016
,0.514997
The plot thickens Russia hackers election2016 politics
,0.553802
Video Shannon Straight election2016
,0.818869
This is how we roll at Get Cutie Boy Parker election2016 carolinelucas makeitcount
,0.79809
Jun 7 17 MSS Sexism Election2016 Summ FullReport
,0.549406
Jun 8 2017 DC GenderEcon has been working on Election2016 data and MSS Sexism was a big Factor
,0.553389
DT is a mobster he wins by any means and this now includes the US election2016 He will not
,0.467805
Comey says DT not under investigation which nullifies the entire premise of Putin s meddling i
,0.44265
I assume you will be watching for update today on voting in Wisconsin in the Election2016 unhackthevote
,0.73316
Follow for great but disturbing analysis of voting in Election2016 unhackthevote
,0.508711
TFW your hotel tv has Netflix and you can relive Election2016 while you work MAGA PresidentTrump
,0.943164
Frumpy Ruth Marcus got cucked by TRUMP on national tv Election2016 She s a 1 10 folks MAGA
,0.976385
JamesComey Wont Accuse PresidentTrump Of Obstructing Justice SenateIntelHearing RussiaGate Election2016 lnyhbt
,0.620205
In this election flippant remarks seem to be the way to go calvinandhobbes election2016
,0.637524
That was me during US Election2016 Hopefully I don t get a chance to vote out in 2020
,0.595812
Man like Corbz jeremycorbyn jc4pm election2016 labour vote rundmc london uk
,0.749785
Scary part is media helped trumprussia steal the election2016 for this very reason
,0.71057
Life comes at you fast Humor Politics Hillary Election2016 Pepe
,0.820779
Advan Election2016 SnackElection Quality ad by The Martin Agency Loved producing this
,0.622433
Today we ask who did you vote for in Election2016 did you normalize were you complicit to
,0.424243
Considering the age requirement what was the approximate percentage of voting eligible Americans that did not vote
,0.504517
Every liberal is currently acting like it is still Nov 7th and the polls are true Sad This explains everything Election2016
,0.442265
Hey libs u thought Election2016 was a shock just wait w the MSM deranged vitriolic propaganda u r gonna be in
,0.60888
president vote Women s bible site Media or WikiLeaks will be a winner in election2016
,0.841895
Turnout Turnout Turnout For ten months during Election2016 I bellowed Turnout wins close elections
,0.472166
Aren t these all the same folks who said Hillary had a 98 chance of winning Election2016
,0.94423
BHO s favorite filly still lost the race which counted most Election2016 USA won when became
,0.821317
A list circulated for Election2016 246 separate TrumpRussia BUSINESSES from
,0.666484
Video 2020 Presidential Candidate With Criminal Past election2016
,0.840335
Must have been the same survey population who said Hillary was going to win Election2016
,0.978235
Ana s right Many in nation are deeply involved in hearings since Election2016 Take off DC blinders
,0.844045
russia election2016 Do you think the new NSA document leaked to the Intercept is definitive proof of Russian meddling in our elections
,0.236874
UnHackTheVote Election2016 Stolen from The People
,0.697027
Observer NSA s Latest Leak Debacle Explained TrumpRussiaGate ElectionRigging Election2016
,0.636131
On Voting Hack of Election2016 The one stolen from The People
,0.693709
On Voting issues of Election2016
,0.703847
QUESTION Does anyone else enjoy re watching the Hillary MSNBC Election2016 coverage Love watching Liberal Meltdown
,0.796094
mic drop wednesdaywisdom dncfraudlawsuit demexit election2016 dnc Murray Hill Manhattan
,0.959382
ItMakesMeSmileWhen HillaryClinton blames everyone BUT herself for losing Election2016 MAGA TRUMP
,0.958039
Video Election turnout election2016
,0.607364
Video On Eve of State Budget Deadline Disagreements Remain election2016
,0.816215
Video Mario King wins Moss Point mayoral election election2016
,0.6099
Is there anything you want to tell us about the Russian involvement in Election2016 that we don t already know fr
,0.438572
Video Shea Dobson wins Ocean Springs mayoral election election2016
,0.898514
Can someone tell me when the Democrats are going to accepttheresult of the Election2016 maga resisttheresistance MakeAmericaGreatAgain
,0.925893
Election2016 MSM promoted Clinton savaged Trump what does that say about influence of MSM
,0.689186
Politics Election2016 GreenParty gt New The woman Democrats love to hate
,0.665336
Btwn Brexit and Election2016 there was WAYYY too much of a laissez faire attitude toward the outcome
,0.547353
Why did Comey reopen Clinton investigation 11 days before Election2016 What real factors influ
,0.965759
Big manifesto pledge from the greens reevaluating election2016
,0.530542
srsly DEM need 2go2 PA WI OH MI heartland if wish 2B relevant again 2 working ppl DNCFraudLawsuit
,0.756134
ALL 45 YUCK WANTS IS PompAndCircumstance HE CRAVES Spotlight ONLY REASON HE GOT N2
,0.574292
Retweeted Mr Cake MrCakeUK Awesome bumper sticker PresidentialElection2016 Election2016 BreakingBad
,0.730677
is here and he s called the FakeNews King so if you want to blame someone for Election2016 WhipSmart Journalism
,0.485074
5 days in UK mixed opinions on GE2017 I called Brexit and Trump before Its going conversative for exactly same reasons as Election2016
,0.296298
Sanders Democrat and iron worker gearing up to challenge Ryan via r SandersForPresident
,0.640375
Democrats Independents Trump interferes with Investigation RussianMeddling Election2016 Republicans no
,0.419795
is just another fool unhinged by the fact they didn t get their way Spoiled liberal elites can t lose grac
,0.714994
the only thing the Democrats are interested in is tearing the country apart usurping the will of the voters our
,0.643361
Stephen Colbert Wants an Election Do Over StephenColbert Election2016
,0.496927
Wa
,0.520025
RussiaThing RussiaCollusion Election2016 LockHerUp HillaryForPrison FOOD FOR THOUGHT The entire thing is a
,0.61862
If there is one thing I have learned it is that The Russians are very busy people Qatar Election2016 Hackers
,0.117683
Are Democrats willing 2 REIMBURSE USA 4 these WASTEFUL WITCH HUNTS Just CAN T GET OVER Election2016 DNI Coats
,0.906429
these polls are know to be fake they proved wrong during Election2016 they are part of the
,0.600965
Trump Proud Flashback Wednesday MAGA TrumpTrain Election2016
,0.938452
Karen Handel I do not support a livable wage via r SandersForPresident feelthebern
,0.705088
Video Andrew Clip 1 election2016
,0.486312
What NSALeak shows is govt knows alot more than we are being told about RussianHack of Election2016 RealityLeighWinner is whistleblower
,0.62618
sorrynotsorry srsly Comey had no guts let evidence of emailgate against ImWithHer her minions d
,0.649744
Top Secret NSA report details Russian Election2016 hardware software hacking Is US voting secure
,0.790262
JeffSessions Resignation Offer Not FakeNews HeadFake Trump and Sessions Screwed Turn On Each Other
,0.453857
I ve been TELLING ppl I ve seen more ppl gain more weight this winter than EVER Since the Election2016
,0.716663
To deflect attention from Hillary other Dems Election2016
,0.851178
SpecialCounsel Mueller Hiring Prosecutors w Experience Going After Mafia Enron Watergate Trump TrumpRussia
,0.32884
ex NationalSecurity Adv Flynn turned over 600p docs to Senate Intelligence Cmte russia trump TrumpRussia
,0.116888
The REAL story on NSA Leaked Doc TrumpRussia hackers INFILTRATED voter information vendors before Election2016
,0.901895
spot on DEMs lose 1 100 gov t seats since 08 because there was no econ
,0.70212
There is more than one important election happening this November election2016 NeverTrump
,0.348034
America needed a 20 gallon can to bail out election2016 republicans gop gave us a shot glass inadequate incapable inappropriate loser
,0.480652
So was stealing money from kids w cancer And owned slaves Election2016 Winning Bernie2020
,0.885534
EuropeUnion MANY PEOPLE HAVE HAD ENOUGH USA Trump election2016
,0.322097
Mhm yet imwithher didnt believe Conservatives Independents pointing out relevant facts during election2016 https t co v7Bd0H5AZM
,0.645764
MANY PEOPLE HAVE HAD ENOUGH USA Trump election2016
,0.322097
Video Comey Asked Sessions to Run Interference With White House election2016
,0.690414
Don t forget how the DNC treated Bernie via r SandersForPresident feelthebern
,0.840264
The Real Legitimate POTUS45 PresidentHillaryClinton Time for SCOTUS to Nullify Election2016 S
,0.55052
Yah What said Election2016 was stolen So Blow it out your ASS PresidentHillaryClinton Won By w
,0.622118
Election2016 Donations Funding Bucketocracy by John Spooner auspol TheDrum
,0.809697
Wow Considerable overlap between Eric Trump s charity board and Trump executive te
,0.187672
I expect thousands of my party kanye election2016
,0.726655
Video Ward Five Election Night election2016
,0.732176
TheResistance Trump contaminatedAll Republicans onCmteThatInvestigates TrumpRussia
,0.283874
hahaha so happy Election2016
,0.501639
I voted for Donald Trump and Mike Pence TrumpTrain Election2016
,0.0868781
The Russians did nothing Qatar Election2016 Brixit It s US Ellite breaking all laws unpunished USA is too weak to investigate them
,0.693593
And why are the Dems that were briefed just fine with keeping that bombshell secret THAT S what I want to know
,0.563181
Since keeps demonstrating they re FINE w Election2016 which is WEIRD since primary votes were Hacked
,0.884864
His First Priorities Election2016
,0.489284
I m still shocked Marco Rubio didn t get the nod over Hillary as Dem candidate in Election2016
,0.870833
Amending my Election2016 comment about Chess v Checkers We re now playin TicTacToe maddow
,0.223936
Those state visits at the end of the campaign were one of the red flags Election2016
,0.824489
I voted for Donald Trump and Mike Pence Will you join me TrumpTrain Election2016
,0.091626
Think we ve all learned this lesson the hard way Election2016
,0.681531
Video Moss Point Mayoral Election election2016
,0.775873
Video Bay St Louis Mayoral Election election2016
,0.699743
report says Russia hacked US voting system manufacturer before US Election2016 election democracy
,0.549735
Those two Repub Dem still covering up If not for the leak we would know nothing about how deep Russia military w
,0.487467
Great analysis from re Election2016
,0.5265
Video Ward Five Election Day election2016
,0.722094
On the bright side the results of the Democratic NJPrimary2017 are somewhat less upsetting than those of Election2016 _ ツ _
,0.548126
I recall all those fakenews tweets about Clinton and Epstein during Election2016 wonder now if
,0.853985
Also does MSM expect us to believe their Presidential approval numbers Like those are real accurate election2016
,0.599314
Bernie s Drug Re Importation Amendment Defeated AGAIN via r SandersForPresident
,0.552741
Remember during the election2016 when y all were DRAGGING the WHICH LITERALLY SAVES LIVES WORLDWIDE
,0.775925
Read this e erybody Should election2016 be declared void
,0.953276
Katrina Vanden Heuvel democrats Focus Too Much On Russia pls RT Election2016 Poli
,0.770897
Election2016 was normal post misses many logic exits off a looong highway h t
,0.651944
Video Senate Sends Criminal Justice Bills to Governor s Desk election2016
,0.88276
I think we ll eventually find out that the TrumpFamily is indebted to Putin that it all comes down to money Election2016 TrumpRussia
,0.467985
Had any other GOP candidate won Election2016 BobCorker would likely ve been our Sec of State qatar QatarBan
,0.732621
The original report changing everything Top Secret NSA Report Details RussianHacking Effort Before Election2016
,0.626606
Video Voter Registration Nearing for July 8 Runoff Election election2016
,0.586443
Can start by apologizing to Mr Khan and his poor wife that you tortured during election2016 DumpTrump
,0.271125
MichaelMoore is doing his part now but let s not forget how he treated HillaryClinton It was disgraceful
,0.51259
Time for Democrats to unite around Medicare for all via r SandersForPresident feelthebern
,0.716434
Video Slow and steady voter turnout in Biloxi election2016
,0.567328
Video Voters hitting the polls in Biloxi election2016
,0.662007
Kasich would ve greeted Obama Policies Election2016
,0.938873
theIntercept TOP SECRET NSA REPORT DETAILS RUSSIAN HACKING EFFORT DAYS BEFORE ELECTION2016 Whistleblowers
,0.792073
Reuters Trump Administration attempts to suppress Election2016 hacking news by charging document leaker
,0.371534
Video VIDEO NJ primary election election2016
,0.839971
Hillary vs Trump Round 2 Thrilla in TrumpHilla CNN politics Election2016 Democrats
,0.444624
Auntie AND said during Election2016 FollowTheMoney so uh 1
,0.566978
DonaldTrump is still obsessing over the election How pathetic FakeNews MAGA Election2016
,0.983512
wow we didn t realize
,0.659446
Single Women Are Now the Most Potent Political Force in America vote election2016
,0.415486
We TOLD ALL OF YOU he d do this warned during Election2016 so can we finally just say
,0.520234
Report seems shaky but likely not entirely inaccurate Slow registration disenfranchised PA voters in Election2016
,0.494781
Russian agents hacked US voting system manufacturer before US Election2016 report
,0.827703
Top Secret NSA Report Details Russian Hacking Effort Before 2016 Election RussianHacking NSAleak Election2016
,0.503346
Who is the accused leaker Election2016 RussianHacking RealityWinner NSA NSAleak NSAleaker
,0.728806
The latest The Social Network Analysis Daily Thanks to election2016 ethics
,0.706746
Comey was the most patriotic government employee when he released info about Hillary just before
,0.931097
We know the dangers yet focused on distractions like Hillary s emails election2016
,0.987263
i want to know same thing if election2016 is found to be illegally tampered which looks possible
,0.88244
brexit votes ukelection votes usaelection russiahacking got it a cheap and effective way to make NATO EURO and USA weak
,0.491079
I was expecting JamesComey to say that Trump ordered him to stop investigation on Russia s involvement in usaelection but he said NO
,0.248684
Most of us have heard of phishing but what s spear phishing TrumpRussia Hacking USAElection
,0.951504
Any day now expect putin to admit that his hackers changed votes in the 2016 USAElection
,0.389005
We will see you tomorrow at 10amE JointAddress This is YOUR celebration JointAddress This is YOUR celebration
,0.737578
The WhiteHouse has not gone out on a limb that far since Trump became president
,0.34867
Ready I want a JOB not just any JOB though I want to be the Whitehouse Congressional LiASON
,0.650557
CNN Trump may be new to the Whitehouse but he has been the same double talking liar his whole life UN DOJ aclu FBI
,0.0895551
Apple CEO TimCook to Attend WhiteHouse for Kushner Led Tech Summit
,0.57478
NSAGov Leak Suspect RealityWinner Wrote That She Wanted To Burn The WhiteHouse Down Crazy bitch TRUMP
,0.892857
U K Pollsters Put Their Misses And Hits Down to Turnout Good WhiteHouse Work
,0.704398
Had a 10 am whitehousetour and still waiting to go in because the list is messed up thanksobama whitehouse
,0.81696
Now why can t rules apply to all Twitters from WhiteHouse
,0.833253
Trump doesn t live there you jackasses Check Whitehouse you fools
,0.336641
ReportersRoundup WhiteHouse response to Comey leak 1230p LISTEN
,0.613866
Who and what the hell is this potus cult mole trump whitehouse instagram altright
,0.626716
RESIST FakeNews AlternativeFacts deliberate disinformation fed to us by our very own POTUS WhiteHouse
,0.799016
To stay on top of the latest news from the WhiteHouse follow FollowFriday FF
,0.832334
Wanted to burn WHITEHOUSE down
,0.781386
Wrecking the Ship of State usa america nyc washington virginia whitehouse california chicago
,0.973881
Trump always reads like a 6th grader WhiteHouse He does not sound sincere about nor
,0.132581
Learn about HatchAct WhiteHouse
,0.667139
45 is delivering remarks to U S Department of Transportation live now and he is shameful in the manner of which he talks WhiteHouse
,0.187639
But of course Wasn t there a Trump Lewandowski meet in the WhiteHouse recently for him to do j
,0.42258
Comey admitted what did but 45 never owns up to anything So 45 is the liar Comeyhearings WhiteHouse RealityShow HouseOfLies
,0.346266
Another WhiteHouse BOT bitch we must figure out a way to report them
,0.733125
TwitterNews WhiteHouse am no can run from TrumpPocalypse s TapesTweet
,0.531457
You should have done your homework before getting into the WhiteHouse RICO is imminent Impeach or resign VAPERPower
,0.34159
d nuts are my fav things ever whitegirl whitehouse gocavs donuts likeu gummybears chocolatemilk jeepszn messyhair
,0.562112
Apple Amazon and Google executives are still set to attend a White House Tech JeffBezos TimCook WhiteHouse
,0.264515
Zucker of CNN declares war on the WhiteHouse while riding train irreversibly damages themselves MAGA
,0.977662
Cuomo is trying to win WhiteHouse with free college He WILL Free COLLEGE got UK Results
,0.840526
as let the WhiteHouse go a bit since being in office FakeNews
,0.868975
potus Whitehouse yes he did FoxNews
,0.684051
Join the Lowe s Distribution team See our latest job opening here SupplyChain WhiteHouse TN Hiring
,0.834512
New Blog Post 1 Truth and 20 Lies My Take on the WhiteHouse Reaction to Comey President Flynn Russians
,0.157002
WhiteHouse intel chiefs want to make digital spying law permanent
,0.848053
Now that was funny Whitehouse thatawkwardmoment LOL POTUS
,0.811044
Donald trump The whole world in his hands president trump presidenttrump whitehouse trumptower 34
,0.0134905
SarahHuckabeeSanders Says Trump Is Not a Liar President DonaldTrump WhiteHouse
,0.0732325
When has see you in court ever worked to your benefit sad loser desperate FlipCongressin2018
,0.313853
Donald trump The whole world in his hands president trump presidenttrump whitehouse trumptower 255
,0.0134905
Check Out This Trump Prediction Trump Will Resign By The Summer Resigns WhiteHouse
,0.0707216
How do you know when WhiteHouse is lying There are words emanating from there How close is ableg to this
,0.466944
Election riggers Gold diggers Liars Trump WhiteHouse POTUS FakeNews CorruptMedia
,0.67163
Yay Thanks for the kindness from patriotic strangers to fight
,0.65873
Please explain WhiteHouse and GOP of your pledged Loyalty to a murderous dictator Russia in lieu of US constitution WeThePeople
,0.303233
Or simply isolated to the goddamn WhiteHouse
,0.808547
RforRussia GOPutin WhiteHouse Chuck Grassley
,0.228528
It s the WhiteHouse in Beijing Zhina from last year
,0.618902
It s obvious doesn t like living in the WhiteHouse we don t like him there Shd b a way to solv
,0.532901
GodBlessTrump so thankful we have a patriot in the WhiteHouse maga
,0.991165
Oh Donny Obama is only your enemy in your own frazzled brain Good luck with that course 45 TrumpRussia WhiteHouse
,0.258187
WhiteHouse is taking a harderline with Qatar Trump can t do anything without Muslims We are the kings
,0.551054
Rep Meadows on Tax Reform Health Care Comey Rep Mark WhiteHouse Transportation
,0.845343
Rep Meadows Says Comey Vindicated Trump Rep Mark Meadows Markets WhiteHouse
,0.162966
Every Nation that signed on should put in their fair
,0.736276
Talk about giving the evil eye Yikes Caption this POTUS WhiteHouse
,0.777919
Beyond a lie The WhiteHouse is creating misinformation as propaganda Trump media USA America press
,0.664419
Then shud have gotten off his ass explain protocol policy procedure of the WhiteHouse
,0.440926
NSA Leaker Wanted to Burn Down WhiteHouse and Join the Taliban Trump NSALeaker
,0.618006
JamesComey DonaldTrump WhiteHouse GOP Plots next moves after Comey testimony
,0.394104
Climatechange is no hoax no matter how moronic whitehouse is in leaving the parisaccord Show your state cares
,0.541074
Oh D C I love you White House photo Just a throwback whitehouse
,0.631677
Comey s so called leak is NOT classified information It was his personal memo maga distractorinchief whitehouse
,0.939799
CNN MSNBC Foxnews realDonaldTrump POTUS WhiteHouse VP Was Director Comey the leaker behind the Wikileaks leaks of the Clinton Emails
,0.972171
WhiteHouse Remarks by President Trump at the Top of the Infrastructure Summit with Governors and Mayors
,0.447053
Grandfather clock photo ComeyMemo ComeyDontPlayThat ComeyFiring GrandfatherClock WhiteHouse
,0.545797
WhiteHouse Press Gaggle by Principal Deputy Press Secretary Sarah Sanders
,0.577145
WhiteHouse Remarks by President Trump at the Faith and Freedom Coalition s Road to Majority Conference
,0.527659
Ignorance more frequently begets confidence than does knowledge Charles Darwin The Descent of Man 1871 WhiteHouse
,0.412727
Question Looking past Trump what happens if a competent demagogue wins the WhiteHouse Someone smarter more strategic We re vulnerable
,0.116673
the President Mr is the one who has disturbed all the laws in th WhiteHouse Otherwise everything will be Fine
,0.490738
I wonder why The Apprentice techniques are falling flat in the WhiteHouse after all anyone can be President
,0.718816
ComeyTestimony Maybe if I were stronger from RRUCLA to the WhiteHouse learn to stand up to illegal wrongs at work
,0.547633
If tweets by POTUS Official Presidential Statements per WhiteHouse are they now covered by FOI Laws and
,0.637
Republicans rather have Traitors doing Treason in the Whitehouse You heard them yesterday ButHerEmails GOP
,0.271116
moreLies WhiteHouse exaggerated growth of coal jobs by about 5 000
,0.463968
you are working wit Russia and Putin you are not an American jamescomey ComeyDay trump WhiteHouse
,0.160567
NSA leaker wanted to burn down the WhiteHouse JenniferSolari AssistantU S Attorney UnitedStates
,0.896399
look whose tweeting about leaking maga with Russians in the WhiteHouse Jim
,0.801744
He diminished the credibility of WhiteHouse stoptrump
,0.404571
NSA Leaker Reality Winner sympathize w Osama bin Laden terrorists wanted to burn down WhiteHouse
,0.987594
A needed ingredient for to concoct his deluded projection of
,0.423035
Stop classified leaks before they start donaldtrump president2017 whitehouse jamescomey
,0.162798
The correct answer was to report it to or the WhiteHouse counsel Just a
,0.508157
Apparently and the WhiteHouse are unaware that we live in a democracy The sooner y all figure that out the better
,0.622728
Donald trump The whole world in his hands president trump presidenttrump whitehouse trumptower 297
,0.0134905
Dear do you think it is ok for fired comey to leak WhiteHouse private meetings to the press Or lynch to play word games
,0.630478
Trump Lawyer to File Leak Complaint After Comey Testimony trump politics whiteHouse
,0.134943
So much for RealityWinner winner being a Hero wanted to join Taliban and burn WhiteHouse more like Loser
,0.806551
Tomorrow s News Trump gets WhiteHouse dog to combat loneliness a Black Russian Spaniel resist
,0.00278356
The elephant in the room The beast in the china shop Trump in the WhiteHouse America has chosen
,0.539883
Sounds like CODE for we need more jihadists training centers MAGA BanCAIR StopIslam StopSharia Trump45
,0.869559
look whose tweeting about leaking maga with Russians in the WhiteHouse Jim ComeyMemo to college professor
,0.748547
IT S NOT OVER WHITEHOUSE TRUMP must be impeached Hehas abused the power ofhis office andviolated the public trust
,0.391812
Apple CEO Tim Cook Amazon CEO Jeff Bezos and other tech execs are heading to the WhiteHouse TheResistance
,0.66671
Note to the WhiteHouse when your only media supporters are Alex Jones and Sean Hannity you ve got real problems
,0.329824
the leakiest person in gov t is the ASSHOLE in The WHITEHOUSE with the DQ ORANGECURLYQUEUE on IT s EMPTY head
,0.610554
Ok 4 Comey 2B SOURCE give HIS memos2 media so we no liars N WhiteHouse they trying2 defame him after long career TrumpRussiaCoverUp
,0.569718
nancypelosi suggesting trump invited Comey to whitehouse to intimidate and her suspicion
,0.270272
Trump didn t know American Troops are stationed in Qatar now thats funny QatarCrisis QatarBan WhiteHouse POTUS
,0.532946
No bond for NSA leak suspect who wrote of wanting to burn the WhiteHouse down
,0.83556
false statements are what s coming from WHITEHOUSE and our ORANGUTANINCHIEF aka
,0.552548
Shouldn t trump have sensed it was wrong when his senior staff awkwardly lingered whitehouse
,0.148634
JamesComey s Shadow by Comeyday Trump Politics WhiteHouse TrumpRussia
,0.308623
When can we walk him thru the front doors of the WhiteHouse permanently
,0.705483
NowPlaying at a Trump WhiteHouse near you HouseofLies ObstructionOfJustice ComeyTestimony Flynn Sessions
,0.209675
M Comey testimony was just the apetizer brace yourself realdonaldtrump for what is yet to come cnn whitehouse
,0.756449
Trump leaked incredibly TOP SECRET methods and sources info to Russians in WhiteHouse Comey did
,0.221045
The WhiteHouse after yesterday s hearing ComeyDay
,0.578539
The biggest players in tech are going to the White House this month tech players Whitehouse Fridayfeeling
,0.838685
Hey deplorables this might be your boy s last days in the WhiteHouse ImpeachTrump FridayFeeling
,0.661436
NSA Leaker Wanted to Burn the WhiteHouse Down Pledge Allegiance to Taliban
,0.765584
WhiteHouse Fires Back After Comey Testimony The President Is Not a Liar
,0.183448
Alleged NSA leaker RealityWinner wanted to burn the WhiteHouse down NSALeak RealityLeighWinner Classified
,0.955444
Trump converts WhiteHouse to run entirely on coal
,0.504605
Because u lied to way to the whitehouse just like what the Devil do best Collecting cult member along the way God HelpUS
,0.893172
POTUS Donald J Trump Tentative Public Schedule Friday June 9 2017 MAGA MakeAmericaGreatAgain WhiteHouse
,0.756641
Someone figured out his twitter password Hey whitehouse it s time to use something harder than 12345 trumptweets
,0.153482
How many WhiteHouse staffers have called their lawyers
,0.887963
Hillary had AttorneyGeneral ObstructingJustice Obama out campaigning for her they STILL could not put her i
,0.941729
She PLANNED to use her WhitePrivilege to BURN down the WhiteHouse RealityWinner RealityLeighWinner
,0.849605
Donald trump Nice ass president trump presidenttrump whitehouse firstfamily trumptower 160
,0.0333064
Time to check what the bully at the Whitehouse is doing this morning
,0.609058
And WOW you re a lying dog who is a Traitor Russians in the WhiteHouse Patronage Infidelity KnowNothing Nepotism
,0.214754
She wanted to burn down the White House Leaks RealityWinner WhiteHouse
,0.860289
Comey not a leaker You said tapes He only leaked unclassified docs to protect himself truth gets you far
,0.23623
Trump x Comey n z WhiteHouse of lies
,0.519527
U might think this is not healthcare but WOW I see true bluecode I hope that OR is ready Comey Trump
,0.234609
No you re a leaker after all wasn t there something about you and Russian hookers
,0.0795627
Someone in the WhiteHouse needs to get a new ColoringBook explain just committed Libel PerSe of
,0.417812
realDonaldTramp Sorry WhiteHouse POTUS office doesn t come with training wheels Trump
,0.514617
Republicans need to get with it and stop being so passive Patriots gave the WhiteHouse Congress Senate now what ya going do
,0.459898
Kinda petty I know but it does highlight again what an amateur operation this WhiteHouse is
,0.518619
Breaking Report Prosecutors Allege NSA Leaker Plotted To Burn Down WhiteHouse Join
,0.932308
Former WhiteHouse florist shares details on creating thousands of floral bouquets for the Obamas
,0.883167
MarcoRubio goes to the WhiteHouse for dinner with Trump Next day he defends DonaldTrump s crimes Unpalatable
,0.113231
WhiteHouse an escalating competition 2 see which Trump bootlicker can be the most transparent liar watch out
,0.197024
TheNewYorker Posts JamesComey bluntly framed the Trump WhiteHouse
,0.4645
If you are a Trump supporter you should be calling the WhiteHouse and demanding these tapes
,0.30873
My observations from the very white WhiteHouse WashingtonDC NationalEqualityMarch
,0.467963
Just Kick Everyone Out WhiteHouse impeachment
,0.221965
What did here is disgusting He sold his soul for the most
,0.528597
Feds NSA leak suspect wrote of wanting to burn the WhiteHouse down
,0.921361
From Amistad to the WhiteHouse Teachable Moments from 1839 to Within My Lifetime Meet author KayHarris and
,0.561606
Given the history of oval office taping I d sit gingerly on all WhiteHouse couches from now on cofveve ComeyHearings
,0.33807
If WH tapes existed they certainly do not exist anymore Their existence would not fit the WhiteHouse narrative
,0.461295
The whitehouse reality TV program needs to go to a long commercial break I need to make morepopcorn
,0.544818
NEWSで妄想 news btdk bbcnews AFP Reuters POTUS CNN Telling Danish Headline About Trump America has a Mafia Boss in the WhiteHouse
,0.516559
WhiteHouse says Russia sanctions will remain in place until the Ukraine crisis is resolved
,0.273379
during the daily WhiteHouse briefing could you please make sure a Russian interpreter is present for FakeNewsCNN MAGA
,0.936997
The rumbling noise you hear in the distance is the KARMA WHEEL rolling towards the whitehouse
,0.526717
okay I think 45 wears secret recording device on his body WhiteHouse
,0.461778
JamesComey WhiteHouse defamed Me The FBI wanna read Full Transcript of Ex FBI Chief s Testimony
,0.970541
He pinned this tweet because it s indicative of everyday his father spend in the WhiteHouse
,0.430323
No one will believe or anyone in that WhiteHouse until they answer questions under oath
,0.344115
trumpIsNotNormal He should be removed from the WhiteHouse ObstructionOfJustice
,0.773049
Question is there budget for Whitehouse staff who pays for Trumps surrogates on TV potus comey Russia
,0.280974
Seriously The WhiteHouse narrative is that it s ok for to hope for the FBI director to ignore a potential collusion with Russia
,0.31183
PresidentTrump entering the WhiteHouse to mee
,0.621202
It s increasingly clear that America is run by a drug cartel who have ridden republican greed into the
,0.567365
Bored of laying in bed so I thought I d come and lay in the bath At least my bandage matches my decor WhiteHouse
,0.460873
Now i ask myself what is all this whitehouse mess really steering our attention from stayawake
,0.685195
Time for the POTUS to resign due to obstruction to justice and to hold fresh electionshttps t co Q6YsdKyqJl TrumpGate whitehouse
,0.158213
thanks get what it means to be feel vindicated but perhaps you can send a copy to WhiteHouse
,0.600125
JamesComey testimony was a disaster for DonaldTrump and his WhiteHouse
,0.537254
Someone in the WhiteHouse needs to get a new ColoringBook explain that you just committed
,0.601191
Lies plain and simple houseofcards whitehouse Republicans Democrats GOP DonaldTrump Conservatives
,0.561704
realitycheck chances of getting Comey tapes from this WhiteHouse R about as good as getting Trump taxreturns
,0.450973
LorettaLynch is worse than Russia because corruption that high up cannot happen ran that corrupt WhiteHouse
,0.582517
Of course WhiteHouse also leaks stuff all the time to pursue its own agenda All hypocrites from Comey to
,0.435104
North_Korea US threats push us further to develop our nuclear forces SouthKorea Seoul
,0.7726
Honestly you watch too much TV You can do it in the nursing home instead of a
,0.56318
WrongChoiceAct We need to stop trump GOP cabinet whitehouse TheResistance
,0.40544
NSA leaker Reality Winner pledged allegiance to Taliban wrote I want to burn the WhiteHouse down
,0.730983
will do anything to keep train wreck drumpf in the
,0.65388
Trump Claims After Comey at Hearing Read more
,0.220331
Trumpian type Chaos Diagram Leader in the dirty WhiteHouse GrOPe GOP USA Trump
,0.52586
Where s Trump Find Donald Trump in his race to the White House donaldtrump trump bestseller whitehouse
,0.0247234
On Trump being handsomely trumped by Comey GrOPe GOP USA conman and liar in the
,0.258767
WhiteHouse uses Trump s ignorance as defence for TrumpLeaks auspol uspoli
,0.231131
Balance of Power May s Election Disaster Theresa May is in the Youtube Scotland
,0.740617
When it sinks in accusations were false costly urban legends Here are the Zeitgeist WhiteHouse PRESS
,0.628487
Of course tech CEOs will attend a WhiteHouse meeting on tech in the government That is their business
,0.608557
Carteles lacazuela cartel add casasblancas whitehouse cordoba andalucia
,0.888837
Gather like dispose unbelievable preferred narration in The Modern World News And Views whitehouse
,0.48935
Trump hearings launch KamalaHarris California WhiteHouse Senator
,0.344802
Never Trump MovementLeader Former Jeb Bush Staffer HelenAguirreFerre Infiltrates WhiteHouse
,0.168283
Performing at the whitehouse with our new song WeAreOne for unity with 700artists in
,0.531268
30 000 Scientists Agree Climate Change Is A Hoax WhiteHouse
,0.866848
deputy Press secretary Sanders was asked if the WhiteHouse taping system was in effect when Comey had his
,0.430463
TimCook JeffBezos will visit the WhiteHouse for tech council meeting SatyaNadella
,0.71955
NSA Leaker Planned to Burn Down WhiteHouse Join Taliban EdwardSnowden
,0.85432
Tech CEOs Cook Bezos Schmidt to Attend Kushner WhiteHouse Summit WHY they HATE POTUS and SPEW Hate
,0.690821
mueller Comey Leaker RealityWinner NO Bail in Georgia Case Wanted to burn WhiteHouse down JailTime
,0.869667
CNN Politics Posts The comment comes after WhiteHouse deputy press SeanSpicer
,0.726411
Unfortunately yes Trump POTUS USA President TrumpLeaks WhiteHouse
,0.547111
At least 5 times and probably more Biggest LIAR we ve ever had in WhiteHouse and corrupt to the cor
,0.426412
Morning world lapedona reignoflapedonia sea sun home whitehouse cassina table 714
,0.433508
Watching S5 of HouseofCards seems like watching live scenes from the WhiteHouse
,0.870661
President Donald Trump is a Cool person YO Trump WhiteHouse TheOC
,0.447464
There is no bigger POS than the corrupt DickHead in WhiteHouse
,0.427588
WhiteHouse says Russia sanctions to remain until Ukraine crisis resolved likeU
,0.309417
Whitehouse PresidentalOffice says Trump don t lie Weatherman says Sky is nt blue Come on guys
,0.176886
We live in a world where if the President of a country doesn t tweet for a day it becomes breakingnews trump america whitehouse
,0.374803
Donald Trump from the WhiteHouse Wait Till You See Soros
,0.412226
Just putting this out there So BorisJohnson as PM A nightmare Just imagine that idiot meeting with the liar in the WhiteHouse GE2017
,0.262573
It seems inviting to the WhiteHouse for dinner paid off Little Marco acts like a whore agian
,0.636511
According to MELANIATRUMP arrives at the WhiteHouse Wednesday Maybe just needs a few hugs thisisnotnormal
,0.362747
The only thing worse than a lying cheating corrupt con in WhiteHouse is lying cheating spineless weasel speakerRyan
,0.216095
Comey WhiteHouse LIED about Me FBI No TRUMP LIED
,0.702938
Trump is the greatest So famous trump whitehouse gop republicanparty mccain pence teaparty maga
,0.914292
WhiteHouse press secretary Spicer sparks Twitter storm over latest mistake via HashNewsGrams
,0.609674
The frustrations of the presidency results leadershipmatters lackofdiplomacy WhiteHouse impeachment
,0.105242
WhiteHouse says The President Is Not A Liar Yeah Ok LIAR Trump has verifiably lied so many times he doesn t know what the truth is
,0.104047
Conway Rumors of WhiteHouse Staffing Shakeup Are Ridiculous
,0.380306
WhiteHouse ARMY Grad not allowed to wear stole at graduation
,0.961885
In a breathtaking display of cruel indecency WhiteHouse Blames Iranian Victims for the ISIS Attack
,0.499991
CHARLIE CHAPLIN SPEAKS A message for and his supporters potus whitehouse
,0.339171
Qatar s leader won t accept Trump s WhiteHouse invitation report
,0.946316
TRUMP TALKS THAAD Trump discusses THAAD deployment with top aides at WhiteHouse
,0.16974
Have you reached your highest level too much info over daily breaking news no matter the source between WhiteHouse
,0.570478
maybe it s appropriate fair to reconsider for a position in the WhiteHouse
,0.492003
Whenever GOP Neocons are in the Whitehouse dictators everywhere rejoice
,0.226149
basically admitted today that the WhiteHouse is being run by an intern
,0.899859
If you look closely when talks you can see lips move Puppets DonaldTrump
,0.0737968
FoxNews led by ChrisWalace a few others is starting to see the light Trump created the toxic Swamp that the
,0.611705
Potus45 Lied The LiarinChief is a lying liar of the highest order Trump s WhiteHouse tenure will be known
,0.224885
and yet no tweet from maga covfefe Did Whitehouse staff wrap him with
,0.788207
Right this moment 3 WhiteHouse SecretService agents are restraining Trump as he flails wildly screams Gimme my goddam fuckin phone
,0.0951488
Wonder how much its gonna cost to get the WhiteHouse tented for the various exterminating necessary after Trump is
,0.430479
WhiteHouse is chock Full of Liars trump is Blotus
,0.340082
Conway Rumors of WhiteHouse Staffing Shakeup Are Ridiculous counselortoPresidentDonaldTrump
,0.313009
EXPLOSIVE TESTIMONY NSA Leaker Wanted to Burn the WhiteHouse Down Pledged Allegiance to Taliban RealityWinner
,0.442352
Accused NSA leaker wanted to burn the WhiteHouse down UnitedStates federaljudge
,0.904195
The WhiteHouse is asking the DOJ and others to open investigation into ComeyLeaks
,0.895172
The eerie spectre of Tapes rises again in the Whitehouse as Trump s personal lawyer accuses Comey of lying unde
,0.121348
They kind of busy over at the WhiteHouse right about now trump
,0.688676
The WhiteHouse in WashingtonDC my pic taken earlier this morning
,0.575288
Early onset mental illness has no place in the Whitehouse
,0.523275
The Whitehouse said trump is NOT a liar Bawhahahahaha
,0.10206
collecting 4 Traitor RealityWinner who had plans to blow up WhiteHouse join terrorist organization
,0.895692
Trump converts WhiteHouse to run entirely on coal President UnitedStates Paris
,0.606086
WhiteHouse Uniformed USMC from High School Graduation Ceremony
,0.948726
What s laughable is your complete ignorance of WhiteHouse Counsel PRIVATE attorney BOTH serve
,0.159141
For f ck sake s She wont be the 1st or the last to wish the WhiteHouse go up like a Roman candle the
,0.583341
Kinda sad you guys keep your jobs since nobody else wants it Sort of like bus terminal lavatory attendants WhiteHouse
,0.498543
PLEASE keep tweeting your libtard ignorance Both PRIVATE attorney WhiteHouse Counsel work on behalf of POTUS
,0.428446
What it was like inside the WhiteHouse during Comey s testimony Trump
,0.402055
KellyanneConway Rumors of WhiteHouse Staffing Shakeup Are Ridiculous FakeNews
,0.894643
Disgraceful WhiteHouse statement on IranParliamentAttack Imagine if similar statements were made post
,0.539117
Funniest WhiteHouse statement yet The President is not a liar Actually he s a POS Liar POSLiar Trump Liar
,0.00543322
keep DrainTheSwamp Evil in every nook and cranny at WhiteHouse
,0.595478
MichelleObama BarackWore the Same Tuxedo for Eight Years BarackObama WhiteHouse
,0.90053
donated 1000 to this shit praises the Taliban and wants to burn down the WhiteHouse
,0.841674
All the WhiteHouse officials who keep covering up for POTUS Trump if found guilty must also be prosecuted by full extent of law
,0.507135
Wow the WhiteHouse staff must have taken twitter access away Still nothing
,0.711191
So WhiteHouse lies about lying consistent
,0.639215
Will Trump Be Impeached WhiteHouse Staff Are Lawyering Up Amid Growing Russia
,0.0720693
Literally Nixon Watergate all over again Waiting for the Comey Trump to produce the audio files from the Oval Office WhiteHouse
,0.190407
Alleged NSA leaker wanted to burn the WhiteHouse down RealityWinner
,0.839309
Business for America in whitehouse today while standup comeyday show over in the BigTop was unmasking as fakenews LOL
,0.825448
Three periods of awesome hockey allowed me to momentarily forget an utter moron sits in the WhiteHouse StanleyCup LetsGoPens
,0.941232
Comey is a ClassAct traitors in the whitehouse
,0.676654
If you think yesterday was better than today then you need to think once more even if you ve lost your number one job at the WhiteHouse
,0.496496
Federal Budget Cuts to Science and Research Could Bring Back Peak Oil Concerns for the U S
,0.699102
Comey Accuses White House Of Lies Plain And Simple WhiteHouse Comey
,0.5246
Really WhiteHouse says DonaldTrump is NOT liar So does Therein lies GOP problems alternate universe w alternatefacts
,0.105085
CORRUPTJustice Dept defends RACIST LIAR BIGOT Sessions after Comey hearing JD IS AS CORRUPT AS THE WHITEHOUSE
,0.303377
Comey tRump thought he cld run WhiteHouse like his businesses Dictator MobBoss WeThePeople won t let that h
,0.672439
The Whitehouse will need a hazmat crew to clean up the crap that this administration is dropping
,0.64054
Inspired by commentator last night Saw Trump wandering around WhiteHouse
,0.730838
It s sad that any member of your family is allowed in the WhiteHouse
,0.601338
the whitehouse creaton who said this is a liar ComeyTestimony TrumpLiesMatter
,0.17019
I hope after they drag out of the WhiteHouse in handcuffs they have the place fumigated justsaying
,0.819137
The Good will win the championship The Bad They ll have to visit at the WhiteHouse CavsWarriors NBAFinals
,0.895905
The only capitolhill hearings that ever mattered salahi whitehouse crashers bravo rhodc
,0.165674
Oohrah Marines Detail WhiteHouse first time in 8 yrs That says a lot in of itself MAGA
,0.970597
Can we make legislation that Trump or WhiteHouse be required to do any statements on pol
,0.433968
Elon Musk Quites WhiteHouse Advisor RoleAfterTrump s Announcement That U S Is Leaving Paris Agreement
,0.502337
Trumplawyer MarcKasowitz Trump did not collude with Russia President WhiteHouse
,0.257053
The Real Donkey Rump Where Trump s Lawyer Eyes Vindication Others See Virginia
,0.196457
So crickets today from you dumbass Had your twitter taken away like a baby WhiteHouse ComeyHearings
,0.497662
WhiteHouse won t confirm if there s a recording system in OvalOffice but also aren t confirming there isn t either It would be illegal
,0.291753
You know you have good friends when they disagree with you but respect your opinion and buy you a gift from the
,0.356934
And Obama didn t On the golf course or in the whitehouse work is getting done
,0.66312
B4 making stupid tweets might pay 2 educate yourself WhiteHouse counsel Obama s attorney made NUMEROUS publi
,0.896927
This lame excuse can t work in my physics class less when the lives of millions of people is in stake He is new at this WhiteHouse
,0.314793
The President Has Confidence In Cabinet WhiteHouse Breaks Silence About Trump Sessions Discord Rumors
,0.355339
FBI JamesComey accusd WhiteHouse of lies defamation in explosiv testimony tht paintd Trump dishonest amp operating outside presidentialNorms
,0.104353
This administration has got to be the most unprofessional that I ve ever seen WhiteHouse
,0.725261
Wanted to burn the WHITEHOUSE down
,0.800564
Many people died as a result of the incompetence of Comey Dr Michael Savage Jun 8 2017 FBI DOJ TerrorAttacksOnAmerica WhiteHouse
,0.816553
Gateway Pundit Posts NSA leaker said she wanted to burn down Taliban WhiteHouse
,0.651607
Lawrence A Code Black stroke aneurysm treatment team is on standby in rotating shifts in the WhiteHouse following Trump everywhere
,0.19909
WhiteHouse staff tonight on ComeyDay ComeyHearings ComeyTestimony tyt ThursdayThoughts FridayFeeling
,0.841521
Lmao they say ppl in the WhiteHouse walking around afraid DonaldTrump possibly tweeting some fuckry thru the night lmaooo
,0.66718
JohnMcCain was only 1 who brought in Hillary tomorrow he ll be opining what a murderous thug Pu
,0.800433
Isn t taxpayer dollars paying for the Flotus living in the WhiteHouse
,0.871072
Comey for President We need someone in the WhiteHouse that will stand up for America and not just their own personal interests
,0.808836
EXPLOSIVE TESTIMONY NSA Leaker Wanted to Burn the WhiteHouse Down Pledged Allegiance to Taliban
,0.5592
Why is Flotus not living in the Whitehouse
,0.874109
CNN MSNBC Foxnews realDonaldTrump POTUS WhiteHouse VP I say to US Congress stop this petty Sandbox bullying and help us Americans
,0.720572
2 Ted Cruz dad how he feels about that whitehouse POTUS is a LiarInChief what abt special prosecutor for Hillary Another lie
,0.922799
CNN MSNBC Foxnews realDonaldTrump POTUS WhiteHouse VP against all who will do us harm including anyone already in these United States
,0.776875
CNN MSNBC Foxnews realDonaldTrump POTUS WhiteHouse VP I no matter how disabled I am will still fight to protect the American people
,0.597396
WeThePeople Need to Rise Up Take Full Action Against ALL Republicans in the WhiteHouse Congress
,0.553002
Michael S Schmidt On Rachel Maddow We Went To The WhiteHouse About Our Coverage Asked Them If We re Wrong Point It Out So WeStandFirm
,0.593051
CNN MSNBC Foxnews realDonaldTrump POTUS WhiteHouse VP really happened I for one say I may a Disabled American Naval Serviceman but
,0.76341
IT S about time Qatar leader rejects BULLY WhiteHouse invitation
,0.88914
CNN MSNBC Foxnews realDonaldTrump POTUS WhiteHouse VP then all USA history can be rewritten to what these foreign governments say
,0.557881
CNN MSNBC Foxnews realDonaldTrump POTUS WhiteHouse VP the current USA people left in existence Once all the USA People are gone
,0.585453
CNN MSNBC Foxnews realDonaldTrump POTUS WhiteHouse VP wanting to kill off the USA These foreign governments don t want any trace of
,0.47948
Comey WhiteHouse lied about me FBI TrumpLies NotMyPresident NeverTrump DumpTrump TheResistance Resist
,0.0344297
CNN MSNBC Foxnews realDonaldTrump POTUS WhiteHouse VP the current government that some how pissed these people off to the point of
,0.587944
CNN MSNBC Foxnews realDonaldTrump POTUS WhiteHouse VP foreign governments to still want to kill the USA because they were part of
,0.630975
CNN MSNBC Foxnews realDonaldTrump POTUS WhiteHouse VP Democrats left in the USA that are current Politicians will still cause the
,0.517233
CNN MSNBC Foxnews realDonaldTrump POTUS WhiteHouse VP they would stop trying to kill the USA Problem with this thinking is those
,0.610547
There s some shadiness is going on inside of that WhiteHouse
,0.640742
so agitated w ComeyTestimony he stains WhiteHouse sofa SkidMark
,0.664682
WhiteHouse where are the tapes mentioned by POTUS45 DonaldTrump on May 12
,0.308311
CNN MSNBC Foxnews realDonaldTrump POTUS WhiteHouse VP whom the foreign governments considered the scourge of the Earth then maybe
,0.645477
CNN MSNBC Foxnews realDonaldTrump POTUS WhiteHouse VP from wanting to kill those in the USA If whom in the USA were not the ones
,0.592025
CNN MSNBC Foxnews realDonaldTrump POTUS WhiteHouse VP currently existing American Citizens in an attempt to stop foreign governments
,0.581542
CNN MSNBC Foxnews realDonaldTrump POTUS WhiteHouse VP Then they Democrats will let into the USA Billions of foreigners to replace
,0.573876
Whitehouse HRW Hi on 6 7 Feb 17 The independent UK published my legal complaint
,0.936443
CNN MSNBC Foxnews realDonaldTrump POTUS WhiteHouse VP Federal Government until they have absolute rule over all United States
,0.792577
CNN MSNBC Foxnews realDonaldTrump POTUS WhiteHouse VP If the Democrats have there way We These United States will have no
,0.62285
CNN MSNBC Foxnews realDonaldTrump POTUS WhiteHouse VP between what is easy and what is right Albus Dumbledore
,0.307289
CNN MSNBC Foxnews realDonaldTrump POTUS WhiteHouse VP Dark times lie ahead of us and there will be a time when we must choose
,0.424294
Spent the evening on CapitalBikeShare bike saw WhiteHouse Capitol and SupremeCourt Wonder where is right now
,0.744373
Anybody want to see the WhiteHouse do some concrete work as well as appoint Heads of Agencies
,0.598058
This is exactly what Putin has hoped for America WhiteHouse to be in such disarray while he masterminds overseas Qatar ComeyDay
,0.356704
CNN MSNBC Foxnews realDonaldTrump POTUS WhiteHouse VP Potter Movie being played out in Washington DC for all the world to see
,0.573162
what did maga covfefe LEAK to Russians in the Whitehouse
,0.857965
We the people deserve WAY better then what we re getting from this WHITEHOUSE GovLeaders POTUS
,0.778905
CNN MSNBC Foxnews realDonaldTrump POTUS WhiteHouse VP Anyone else feel like we are watching some sort of twisted form of a Harry
,0.47827
speakerRyan why don t y all sit POTUS down amp EXPLAIN what he can amp CAN T DO OUR WHITEHOUSE IS NOT his BoardRoom OopsMyBad doesn t cut it
,0.501007
Trump Iran responsible for Tehran terror attacks World Israel News WhiteHouse
,0.490285
It s cool I never believe anything a Republican says whitehouse reportedly urged GOP pol 2 defend Trump on TV
,0.447447
But didn t you have a 60 inch tv in the WhiteHouse Dinning room
,0.507208
The lie is the elephant in the ovaloffice room WhiteHouse CapitolHill Trump
,0.391024
we know there s no Russia and yet this continues on Why would you say it s a bad day for the WhiteHouse ridiculous Charles
,0.641283
lorettalynch needs to be investigated Everyone hates trump because he is pulling off the bandaid of truth
,0.427033
Written notes from Miss UN Reality Loser Our very own female terrorist wishing and hoping and planning and
,0.620958
French election What Emmanuel Macron s win means for Africa Elysee Whitehouse USA Cameroon DE FRance Paris
,0.753807
1st add oil to the fire then try to mediate Qatar leader rejects Trump s WhiteHouse invitation
,0.865383
Pete I hope these pics will be released in your new book I pre order PeteSouza Prince WhiteHouse
,0.735278
Queens in the WhiteHouse ppl can t deal w Trump s NY mentality Loyalty goes a long way kbye comey
,0.396014
CAMEROON The Haunted Heart of Africa Elysee Francafrique neocolonialism dictators puppets Paris Whitehouse
,0.540299
Cameroon France s Dysfunctional Puppet System in Africa Paris EuropeanUnion EU FRancAfrique WhiteHouse USA
,0.641367
Republicans put amoral fraudulent bully in WhiteHouse then expect FBIDirector to teach him to behave properly
,0.271101
Good nigh foxnews pence whitehouse The White House hairboss unhonored
,0.46765
WE MISS U 8 years noscandal whitehouse
,0.729885
NSA contractor wanted to burn the WhiteHouse down Prosecutors
,0.859041
Comey Said He Wishes He Had Kept A Date with WhiteHouse
,0.586451
WhiteHouse Spokesperson I Can Definitively Say The President Is Not A Liar The Intellectualist
,0.271544
Please tell Jim Comey the world believes HIM not the lying psychopath in the WhiteHouse Thank you for all you have done
,0.510249
Most dangerous ramification of today s comeytestimoney is that the WhiteHouse thinks they won TrumpRussia
,0.833808
Reality Winner Wanted to Burn the WhiteHouse Down According to Prosecutors binLaden al Qaeda
,0.809721
whitehouse President Trump Hosts Infrastructure Summit with Governors and Mayors OPENN
,0.455853
He should be rejected by the rest of Congress We already have a fra
,0.447511
NSA leaker RealityWinner denied bail sympathized with terrorists wanted to burn the WhiteHouse down Leaks
,0.8975
TMZ Posts NSA leaker Reality Winner wrote that she wanted WhiteHouse
,0.923134
I remember when people with class inhabited the WhiteHouse 40 41 43 Nice birthday wish to a great lady
,0.629804
Trump Team Tries To Accentuate The Positive Takes Aim Comey pls RT WhiteHouse Perso
,0.192138
Media sucks up to whoever is in the WhiteHouse if you consult w history This really isn t news
,0.697527
I learned that is a liar and the WhiteHouse tried to smear jamescomey
,0.489426
Spot the Racist Hypocrite Obama Trump Whitehouse JoshuaFeuerstein
,0.605377
Congress Just Hammered Obama They re Taking Away His BarackObama WhiteHouse
,0.818532
is new at this The whitehouse is not an entry level job Thx for proving he is not fit again ComeyDay
,0.342876
WhiteHouse Blames Iranian Victims for ISIS TerrorAttack in Tehran Iran ISIS Tehran
,0.336971
Spot the Racist Obama Trump Whitehouse JoshuaFeuerstein
,0.739179
I guess it s just that easy everyone whitehouse
,0.650677
Yes Whitehouse managed to do this to trump Silence NoTweets muzzled
,0.0881794
LiarLiar WhiteHouse on fire from all the smoke TrumpRussia ComeyHearings ImpeachTrump
,0.340085
Alleged NSA leaker RealityWinner wanted to burn the WhiteHouse down DNC FBI
,0.94306
Funny this WhiteHouse has been lying profusely since Trump s inauguration
,0.719246
Twitter silence best evidence JamesComey told the truth Let s play those Trump WhiteHouse Comeytapes
,0.228404
Believe ComeyTestimony What s WhiteHouse excuse 4 y POTUS required 2 b alone w Comey Urging Loyalty backdown on Flynn Obstruction
,0.232879
The WhiteHouse staff must be the only ppl left in world who don t think DonaldTrump is a liar
,0.126764
Priorities Get to da chppa donaldtrump whitehouse fbi jamescomey senate hearings
,0.829409
Can play game for all night Wow Welcome to white house whitehouse videogamedeals
,0.719793
Looks like we have a gangsta in the WhiteHouse but chickens coming home to roost whitehouseperpwalk
,0.644267
They need you in the WhiteHouse
,0.685441
TheResistance
,0.368392
Maybe he is waiting fora job offer in the WhiteHouse there will be more positions come available soon
,0.50279
While pointlessly spent all day on Comey RealityWinner wanted to burn down the WhiteHouse
,0.840015
Where is Alexander Butterfield when we need him quoteoftheday WhiteHouse Nixon tapes Trumpski ComeyDay
,0.194092
Sure and your oick LouisXVI in the WhiteHouse is the savior of mankind Don t forget wearing tin f
,0.365407
Who needs the whitehouse to explain what we already know
,0.615451
Would you voteToday for President Trump USA NewYork WhiteHouse ComeyDay Obama USA Poetin LetsMakeAmericaGreatAgain Trump Clinton
,0.95189
So long as compulsive liar CrookedDonald occupies the WhiteHouse the US government is not trustworthy
,0.436592
Dear Bill Cosby I think what you did is wrong but if you were a white man you will be in the Oval Office ri
,0.243155
The Key Takeaways From Comey s Testimony On Capitol Hill pls RT OnAir WhiteHouse
,0.691681
Apple s Tim Cook other tech CEOs poised to attend White House summit led by Jared Kushner WhiteHouse
,0.283345
Been N Washington DC 4 the last 10 days Been 2 the WhiteHouse 1s 2day was the Superbowl 4 DC Agency personal t
,0.643138
Trump He Talks a lot about lets make America great again Is Trump capable to manage this USA NewYork WhiteHouse
,0.111259
TBT to style and design in the WhiteHouse over the years Check these 4 rooms in The White House that you
,0.542986
WhiteHouse scandals with joining me Nikki on
,0.862086
The ultimate example of workplacebullying WhiteHouse TrumpvsComey notcool thisaintcelebritywhitehouse someonecallHR
,0.524125
So after all the hype ComeyTestimony its business as usual Great day for the WhiteHouse
,0.700671
The white house is considering sanctions against Venezuela oil sector this could be a full ban or only a partial b
,0.341815
No matter what the country thinks about this WhiteHouse and internal squabbles It s the best WH we have seen in 2
,0.411136
WhiteHouse WTF where is the staff shake up
,0.638603
Our 1st Tours of the WhiteHouse interior
,0.758779
Our 1st tour of the WhiteHouse interior
,0.731285
She referred to chelseamanning and said play it up like that yeah ur forgetting A NEW SHERIFF IS IN THE
,0.527205
Comey intentionally tried to prompt the appointment of a special counsel resist whitehouse trumpRussia
,0.0364146
Comey Accuses WhiteHouse of Lies and Says Trump Tried to Derail Inquiry
,0.651026
Meanwhile at the whitehouse the moment comey said tapes trump TrumpCoverUp ComeyStatement
,0.0848271
Wow How sick So it s evil to respect the mother of his children But yet it s okay
,0.524183
Number 1 most worthless position in America WhiteHouse Deputy Comm Dir
,0.553968
Meanwhil
,0.368392
Lunatic in the WhiteHouse Trump TravelBan
,0.344988
A WhiteHouse legislative agenda aimed to begin this summer with healthcare reform followed by a tax bill in Fall
,0.470262
As I watch all I can think is how the WhiteHouse is like high school Drama drama DRAMA
,0.584803
new to d WhiteHouse is not an excuse then u shud have schooled him on policy procedures protocol
,0.762321
is looking to get a gig at WhiteHouse get OJ pardoned
,0.815749
Might just be me_ but _the Terrorist are hiding in the USACongressGOP HouseSenate and the WhiteHouse take a look you ll see
,0.455028
Our Nation is increasingly divided Media outlets stirring the pot HomelandSecurity FBI WhiteHouse Russia USA
,0.472646
WhiteHouse White House National Security Advisor and Director of the National Economic Council Announce Senior S
,0.520857
WhiteHouse Readout of the Vice President s Meeting with Republic of Cyprus President Nicos Anastasiades
,0.506875
BSc Criminology and Forensic Investigation students visit WhiteHouse
,0.972224
President Trump hasn t tweeted anything all day I m stressing out Please tweet PresidentTrump WhiteHouse ComeyDay
,0.525171
Must have been a delicious dinner had at the whitehouse You can see imprint of the ring on his lips
,0.421515
I d rather we paid for her to STAY in NYC She ll just soil the WhiteHouse like her sleazy husband Major clean
,0.779955
The another face of Mr President Comey trump washingtondc whitehouse streetphotography ardavanart artwork
,0.377957
What re u smoking is dead is the future WhiteHouse needs 2 stick w what it s good at
,0.591788
msnbc reporting WhiteHouse sources says Trump may not have known the US has troops based in Qatar Israel
,0.22184
donaldtrump From realitytv to the whitehouse I always practice what I preach I don t like you You re fired ComeyYatesBharara
,0.0899209
The biggest news of the day the WhiteHouse saying president Trump isn t a liar I feel inclined to put that in the FakeNews column
,0.507951
Something about Was he crooked s man in WhiteHouse to try to take down
,0.630486
WhiteHouse the Pres is not a liar To WH trump is a liar I just can t say Pres
,0.0861358
WhiteHouse on Lockdown After Trump Hurled TV Out Window The New Yorker Resistance TrumpLeaks plenty Resist
,0.00244173
A wise move by someone in the WhiteHouse Although I dunno what to do with the tonnes of popcorn I hoarded for
,0.391571
The White House has already invested more than 200 million in big data projects bigdata Healthcare DigitalMarket WhiteHouse Change
,0.671207
Via Ex FBIDirector boss Comey tells SenateIntelHearing hearing WhiteHouse lied ComeyTestimony
,0.611816
VicePresident Pence Gives Remarks at an InfrastructureSummit WhiteHouse WH
,0.284127
Um This tweet didn t age well It s okay We ll get Trump for excessive use of air conditioning in the
,0.280342
PresidentTrump Gives Remarks at Faith and Freedom Coalition s Road to Majority Conference WhiteHouse WH
,0.389089
WhiteHouse WH PresidentTrump Gives Remarks on His InfrastructureInitiative MAGA
,0.972761
PresidentTrump Announces the AirTrafficControl Reform Initiative WH WhiteHouse
,0.602043
If Sessions is forced to step down all of trump s people in the WhiteHouse will begin to flee tgj cnn fbi cia nsa mi5 wsj TMZ
,0.653417
Karma is coming after Lying donaldTrump it s all catching up to him No more corruption in the
,0.381005
The WhiteHouse can t run from TrumpsTapes tweet any longer uspoli auspol
,0.650216
Obama touring the world since leaving whitehouse here s where they ve been so far Africa
,0.793885
We know two things about WhiteHouse from statement below applying AristotleanLogic is a liar a
,0.319043
Comey Trump lied WhiteHouse I know you are but what am I
,0.173673
How is it that Trump and Ivanka and Jared are longtime relatives and it s not a conflict to have them serve in WhiteHouse
,0.228741
Like when you were a Federal Government employee if Ronald Reagan called summoned you to
,0.385898
Mueller as special prosecutor the WhiteHouse has every reason to panic GAME NOT O
,0.471437
Melania is moving to the WhiteHouse next week and to help celebrate I got some special herbal pills from my good buddy BillCosby
,0.49013
Comey Accuses WhiteHouse Of Lies Plain And Simple About His Firing Trump Russiagate
,0.249284
no tweets today Tail between your legs Deciding wether to resign or be impeached U r so crooked whitehouse
,0.39461
whitehouse says the president is not a liar it s good to use humor when you are circling the drain
,0.290028
standforAmerica ignorant no excuse russians in WhiteHouse day after comey fired did u pledge loyalty
,0.702057
It was a privilege and an honor to tour and shoot photos in the WhiteHouse today An experience
,0.638978
Congratulations to our new Attorney General SenatorSessions JointAddress This is YOUR celebration whitehouse
,0.659107
White House on Lockdown After Television Is Hurled Out Window Trump Comey WhiteHouse I love Borowitz
,0.305649
Trump Just Exempted WhiteHouse Staff from His Own EthicsRules DirtBagDonnie has ETHICS Pfft
,0.215286
What the whitehouse and don t understand US citizens DONT care who leaked what only that the TRUTH comes out
,0.474848
If a democrat was in the WhiteHouse GOP would be going for impeachment today dems are too weak Get it together and play hardball
,0.462806
Our Dishonest President From the MOUTH OF THE maga scum bag whitehouse JUST LIKE MAGA
,0.995752
Can you recommend anyone for this job Chemist Extractables Leachables GeneralScience Whitehouse NJ
,0.748673
BigLeagueTruth resist corruption in the whitehouse GOPisCorrupt
,0.354426
The BlueRoom of the WhiteHouse in WashingtonDC Whitehousetour Americanhistory wpypt
,0.339629
clarionproject Iran s foreign minister calls WhiteHouse condolences on Tehran attack repugnant islamophobia
,0.716552
WhiteHouse aides are lawyering up amid growing Russia scandal Comey ComeyHearings
,0.242956
tbt to that time at the White House whitehouse tbt dc cowlick love family
,0.778977
clarionproject Iran s foreign minister calls WhiteHouse condolences on Tehran attack repugnant
,0.686094
Comey easily outplays and trumps Trump the idiot in the dirty WhiteHouse GOP USA
,0.289692
Pentagon denies FOIA request 4 Trump s earning stmt Request sent 2 the WhiteHouse
,0.415816
who needs TV dramas We have the real THING going on in our own government this is a joke right whitehouse Government youarentserious
,0.469031
ComeyTestimony is so enlightening of what is going on in the WHITEHOUSE WOW SURPRISE SURPRISE SURPRISE
,0.818655
Bet most ppl dont even know symbolic significance of wife Melania moving into WhiteHouse on 6 14 It s Trump s bday
,0.625801
This job might be a great fit for you Research Chemist GeneralScience Whitehouse NJ Hiring
,0.83372
whitehouse President Trump Gives Remarks at Faith and Freedom Coalition s Road to Majority
,0.305216
Trump not clinton KICKED USA MEDIA out OUR WhiteHouse Russian Putin request COMEY
,0.285218
WhiteHouse on Lockdown After Television Is Hurled Out Window The New Yorker
,0.708831
I m on series 3 only but finding it a snoozefest Perhaps real life politics more dramatic these days Whitehouse
,0.725292
Glamorous group at the awards last night aicp aicpawards whp whitehouse whitehousepost white
,0.673693
I hope you can see your way clear to letting this go Overhead immediately after an aggressive handjob comey trump flynn whitehouse
,0.201765
In no unclear terms Comey Trump WhiteHouse lied about the FBI ComeyTestimony RussiaGate TrumpiLeaks
,0.28498
NOT appropriate for to MEDDLE in WhiteHouse s approach to Biz
,0.487204
the WhiteHouse interns are new to this Mr Speaker our so called POTUS shouldn t be cut the same slack
,0.65177
